User Description,RAM (GB),SSD (GB),GPU,Processor,Battery Life,Weight,Price (â‚¹ INR)
"I am a software engineer developing and debugging large-scale applications, requiring a high-performance laptop with a fast processor and sufficient storage.",32,128,Yes,Ryzen 7,5-10 hours,Lightweight (<1.5kg),94784.34
"As a graphic designer, I work on complex creative projects involving large file sizes and need a laptop with high RAM and storage capacity, along with GPU support.",32,256,Yes,Intel i5,5-10 hours,Lightweight (<1.5kg),68932.33
"As a graphic designer, I work on complex creative projects involving large file sizes and need a laptop with high RAM and storage capacity, along with GPU support.",4,256,No,Intel i7,15+ hours,Lightweight (<1.5kg),32233.050000000003
"I am a journalist who writes and publishes articles, requiring a portable laptop with decent battery life and a reliable keyboard for long typing sessions.",4,256,No,Ryzen 7,10-15 hours,Lightweight (<1.5kg),34277.340000000004
"As a gamer, I play AAA titles and stream on platforms like Twitch, needing a laptop with a high-end GPU, a fast processor, and sufficient cooling systems.",32,512,Yes,Ryzen 5,Up to 5 hours,Standard (1.5-2.5kg),75389.73
"I am a software engineer developing and debugging large-scale applications, requiring a high-performance laptop with a fast processor and sufficient storage.",4,512,No,Intel i7,10-15 hours,Lightweight (<1.5kg),28625.87
"As a professional photographer, I often edit RAW images and require a laptop with high-resolution display support and plenty of RAM for running editing software.",32,128,Yes,Ryzen 5,5-10 hours,Standard (1.5-2.5kg),50248.2
"I am a professional data scientist working with large datasets and building machine learning models, needing a high-performance laptop with excellent GPU capabilities.",16,1024,Yes,Intel i5,15+ hours,Heavy (>2.5kg),97673.56999999999
"As a graphic designer, I work on complex creative projects involving large file sizes and need a laptop with high RAM and storage capacity, along with GPU support.",32,128,Yes,Intel i5,Up to 5 hours,Standard (1.5-2.5kg),62523.07
"I am a business professional frequently traveling for work, requiring a lightweight, durable laptop with long battery life for presentations and reports.",4,512,No,Ryzen 7,5-10 hours,Standard (1.5-2.5kg),29884.98
"As a gamer, I play AAA titles and stream on platforms like Twitch, needing a laptop with a high-end GPU, a fast processor, and sufficient cooling systems.",32,512,Yes,Ryzen 3,5-10 hours,Lightweight (<1.5kg),65587.43000000001
"I am a software engineer developing and debugging large-scale applications, requiring a high-performance laptop with a fast processor and sufficient storage.",32,256,Yes,Intel i3,10-15 hours,Lightweight (<1.5kg),53568.2
"As a graphic designer, I work on complex creative projects involving large file sizes and need a laptop with high RAM and storage capacity, along with GPU support.",8,512,No,Intel i7,5-10 hours,Heavy (>2.5kg),40579.53
"I am a software engineer developing and debugging large-scale applications, requiring a high-performance laptop with a fast processor and sufficient storage.",8,512,No,Intel i3,15+ hours,Standard (1.5-2.5kg),40224.29
"I am a college student studying computer science, occasionally coding and requiring a lightweight laptop for both programming and presentations.",4,128,No,Intel i3,15+ hours,Heavy (>2.5kg),25678.54
"I am a journalist who writes and publishes articles, requiring a portable laptop with decent battery life and a reliable keyboard for long typing sessions.",4,256,No,Ryzen 5,10-15 hours,Standard (1.5-2.5kg),26755.88
"I am a journalist who writes and publishes articles, requiring a portable laptop with decent battery life and a reliable keyboard for long typing sessions.",8,1024,No,Ryzen 3,15+ hours,Standard (1.5-2.5kg),37458.73
"I am a professional data scientist working with large datasets and building machine learning models, needing a high-performance laptop with excellent GPU capabilities.",4,256,No,Intel i5,5-10 hours,Lightweight (<1.5kg),45615.14000000001
"I am a business professional frequently traveling for work, requiring a lightweight, durable laptop with long battery life for presentations and reports.",32,128,Yes,Intel i7,15+ hours,Standard (1.5-2.5kg),50470.64000000001
"As a professional photographer, I often edit RAW images and require a laptop with high-resolution display support and plenty of RAM for running editing software.",4,1024,No,Ryzen 5,5-10 hours,Lightweight (<1.5kg),36824.61
"As a gamer, I play AAA titles and stream on platforms like Twitch, needing a laptop with a high-end GPU, a fast processor, and sufficient cooling systems.",4,128,No,Intel i7,Up to 5 hours,Heavy (>2.5kg),28533.739999999998
"I am a software engineer developing and debugging large-scale applications, requiring a high-performance laptop with a fast processor and sufficient storage.",4,256,No,Intel i7,10-15 hours,Heavy (>2.5kg),36568.97
"I am a casual user who browses the web, streams videos, and occasionally uses productivity software, requiring a budget-friendly laptop.",16,512,Yes,Intel i5,5-10 hours,Heavy (>2.5kg),85934.87999999999
"As a graphic designer, I work on complex creative projects involving large file sizes and need a laptop with high RAM and storage capacity, along with GPU support.",4,512,No,Ryzen 7,15+ hours,Lightweight (<1.5kg),32739.35
"I am a journalist who writes and publishes articles, requiring a portable laptop with decent battery life and a reliable keyboard for long typing sessions.",8,256,No,Intel i5,5-10 hours,Heavy (>2.5kg),45380.25
"As a gamer, I play AAA titles and stream on platforms like Twitch, needing a laptop with a high-end GPU, a fast processor, and sufficient cooling systems.",8,128,No,Ryzen 3,Up to 5 hours,Lightweight (<1.5kg),37468.69
"As a professional photographer, I often edit RAW images and require a laptop with high-resolution display support and plenty of RAM for running editing software.",8,512,No,Ryzen 7,15+ hours,Heavy (>2.5kg),31308.429999999997
"I am a casual user who browses the web, streams videos, and occasionally uses productivity software, requiring a budget-friendly laptop.",32,256,Yes,Intel i7,10-15 hours,Standard (1.5-2.5kg),57715.71
"I am a professional data scientist working with large datasets and building machine learning models, needing a high-performance laptop with excellent GPU capabilities.",8,1024,No,Ryzen 3,10-15 hours,Heavy (>2.5kg),46263.369999999995
"I am a casual user who browses the web, streams videos, and occasionally uses productivity software, requiring a budget-friendly laptop.",8,256,No,Ryzen 7,Up to 5 hours,Lightweight (<1.5kg),42933.409999999996
"I am a journalist who writes and publishes articles, requiring a portable laptop with decent battery life and a reliable keyboard for long typing sessions.",16,512,Yes,Intel i3,5-10 hours,Lightweight (<1.5kg),75673.59
"I am a software engineer developing and debugging large-scale applications, requiring a high-performance laptop with a fast processor and sufficient storage.",8,128,No,Ryzen 7,Up to 5 hours,Heavy (>2.5kg),43799.93
"I am a journalist who writes and publishes articles, requiring a portable laptop with decent battery life and a reliable keyboard for long typing sessions.",32,256,Yes,Intel i7,5-10 hours,Heavy (>2.5kg),70047.85
"I am a casual user who browses the web, streams videos, and occasionally uses productivity software, requiring a budget-friendly laptop.",32,1024,Yes,Intel i7,Up to 5 hours,Lightweight (<1.5kg),62320.55
"As a gamer, I play AAA titles and stream on platforms like Twitch, needing a laptop with a high-end GPU, a fast processor, and sufficient cooling systems.",16,256,Yes,Ryzen 3,5-10 hours,Heavy (>2.5kg),91336.52
"I am a professional data scientist working with large datasets and building machine learning models, needing a high-performance laptop with excellent GPU capabilities.",16,512,Yes,Intel i3,15+ hours,Heavy (>2.5kg),88868.93000000001
"As a professional photographer, I often edit RAW images and require a laptop with high-resolution display support and plenty of RAM for running editing software.",16,1024,Yes,Intel i7,Up to 5 hours,Standard (1.5-2.5kg),68182.84
"As a graphic designer, I work on complex creative projects involving large file sizes and need a laptop with high RAM and storage capacity, along with GPU support.",8,128,No,Ryzen 7,10-15 hours,Lightweight (<1.5kg),28419.199999999997
"I am a journalist who writes and publishes articles, requiring a portable laptop with decent battery life and a reliable keyboard for long typing sessions.",8,128,No,Ryzen 7,10-15 hours,Lightweight (<1.5kg),41785.52
"I am a journalist who writes and publishes articles, requiring a portable laptop with decent battery life and a reliable keyboard for long typing sessions.",8,128,No,Ryzen 5,15+ hours,Lightweight (<1.5kg),46854.33
"I am a professional data scientist working with large datasets and building machine learning models, needing a high-performance laptop with excellent GPU capabilities.",4,128,No,Intel i7,Up to 5 hours,Standard (1.5-2.5kg),32420.63
"As a gamer, I play AAA titles and stream on platforms like Twitch, needing a laptop with a high-end GPU, a fast processor, and sufficient cooling systems.",4,512,No,Intel i5,15+ hours,Standard (1.5-2.5kg),37950.090000000004
"As a professional photographer, I often edit RAW images and require a laptop with high-resolution display support and plenty of RAM for running editing software.",8,128,No,Ryzen 7,15+ hours,Heavy (>2.5kg),38011.51
"As a graphic designer, I work on complex creative projects involving large file sizes and need a laptop with high RAM and storage capacity, along with GPU support.",8,512,No,Intel i7,10-15 hours,Heavy (>2.5kg),48681.99
"I am a professional data scientist working with large datasets and building machine learning models, needing a high-performance laptop with excellent GPU capabilities.",16,512,Yes,Intel i7,Up to 5 hours,Standard (1.5-2.5kg),57604.49
"I am a casual user who browses the web, streams videos, and occasionally uses productivity software, requiring a budget-friendly laptop.",32,512,Yes,Intel i7,10-15 hours,Lightweight (<1.5kg),54277.020000000004
"As a professional photographer, I often edit RAW images and require a laptop with high-resolution display support and plenty of RAM for running editing software.",4,128,No,Intel i5,15+ hours,Lightweight (<1.5kg),49377.53
"I am a casual user who browses the web, streams videos, and occasionally uses productivity software, requiring a budget-friendly laptop.",16,256,Yes,Intel i5,Up to 5 hours,Standard (1.5-2.5kg),72859.06
"I am a casual user who browses the web, streams videos, and occasionally uses productivity software, requiring a budget-friendly laptop.",32,256,Yes,Intel i3,Up to 5 hours,Heavy (>2.5kg),95405.18000000001
"As a gamer, I play AAA titles and stream on platforms like Twitch, needing a laptop with a high-end GPU, a fast processor, and sufficient cooling systems.",16,256,Yes,Ryzen 7,5-10 hours,Standard (1.5-2.5kg),94704.66
"As a gamer, I play AAA titles and stream on platforms like Twitch, needing a laptop with a high-end GPU, a fast processor, and sufficient cooling systems.",32,1024,Yes,Intel i5,5-10 hours,Lightweight (<1.5kg),71124.36
"As a graphic designer, I work on complex creative projects involving large file sizes and need a laptop with high RAM and storage capacity, along with GPU support.",16,256,Yes,Ryzen 7,15+ hours,Heavy (>2.5kg),69167.22
"I am a casual user who browses the web, streams videos, and occasionally uses productivity software, requiring a budget-friendly laptop.",4,128,No,Intel i5,15+ hours,Standard (1.5-2.5kg),25861.14
"I am a casual user who browses the web, streams videos, and occasionally uses productivity software, requiring a budget-friendly laptop.",32,128,Yes,Intel i3,5-10 hours,Heavy (>2.5kg),81988.23
"I am a journalist who writes and publishes articles, requiring a portable laptop with decent battery life and a reliable keyboard for long typing sessions.",16,256,Yes,Ryzen 5,Up to 5 hours,Lightweight (<1.5kg),73703.17
"I am a software engineer developing and debugging large-scale applications, requiring a high-performance laptop with a fast processor and sufficient storage.",16,128,Yes,Ryzen 3,5-10 hours,Lightweight (<1.5kg),87525.98999999999
"I am a journalist who writes and publishes articles, requiring a portable laptop with decent battery life and a reliable keyboard for long typing sessions.",4,1024,No,Ryzen 5,10-15 hours,Standard (1.5-2.5kg),38182.49
"I am a video editor working on 4K video projects, requiring a laptop with powerful GPU, ample storage, and high RAM capacity for smooth performance.",8,128,No,Intel i5,15+ hours,Standard (1.5-2.5kg),29279.079999999998
"I am a college student studying computer science, occasionally coding and requiring a lightweight laptop for both programming and presentations.",4,256,No,Intel i7,5-10 hours,Heavy (>2.5kg),31822.199999999997
"I am a casual user who browses the web, streams videos, and occasionally uses productivity software, requiring a budget-friendly laptop.",32,1024,Yes,Ryzen 7,15+ hours,Heavy (>2.5kg),52282.53
"As a graphic designer, I work on complex creative projects involving large file sizes and need a laptop with high RAM and storage capacity, along with GPU support.",16,256,Yes,Ryzen 7,15+ hours,Heavy (>2.5kg),54980.03
"I am a journalist who writes and publishes articles, requiring a portable laptop with decent battery life and a reliable keyboard for long typing sessions.",8,128,No,Intel i7,Up to 5 hours,Standard (1.5-2.5kg),49238.92
"As a gamer, I play AAA titles and stream on platforms like Twitch, needing a laptop with a high-end GPU, a fast processor, and sufficient cooling systems.",16,512,Yes,Ryzen 3,15+ hours,Lightweight (<1.5kg),96201.15
"I am a journalist who writes and publishes articles, requiring a portable laptop with decent battery life and a reliable keyboard for long typing sessions.",32,256,Yes,Ryzen 3,Up to 5 hours,Standard (1.5-2.5kg),74428.59
"I am a software engineer developing and debugging large-scale applications, requiring a high-performance laptop with a fast processor and sufficient storage.",4,128,No,Intel i3,10-15 hours,Standard (1.5-2.5kg),32287.829999999998
"I am a casual user who browses the web, streams videos, and occasionally uses productivity software, requiring a budget-friendly laptop.",16,512,Yes,Intel i5,Up to 5 hours,Lightweight (<1.5kg),74431.08
"As a graphic designer, I work on complex creative projects involving large file sizes and need a laptop with high RAM and storage capacity, along with GPU support.",32,1024,Yes,Intel i5,Up to 5 hours,Heavy (>2.5kg),67584.41
"As a gamer, I play AAA titles and stream on platforms like Twitch, needing a laptop with a high-end GPU, a fast processor, and sufficient cooling systems.",8,1024,No,Intel i3,15+ hours,Heavy (>2.5kg),38841.51
"I am a software engineer developing and debugging large-scale applications, requiring a high-performance laptop with a fast processor and sufficient storage.",8,512,No,Ryzen 5,Up to 5 hours,Standard (1.5-2.5kg),24992.13
"As a gamer, I play AAA titles and stream on platforms like Twitch, needing a laptop with a high-end GPU, a fast processor, and sufficient cooling systems.",4,128,No,Intel i5,5-10 hours,Heavy (>2.5kg),47030.29
"As a gamer, I play AAA titles and stream on platforms like Twitch, needing a laptop with a high-end GPU, a fast processor, and sufficient cooling systems.",4,128,No,Ryzen 5,5-10 hours,Standard (1.5-2.5kg),41123.18
"As a gamer, I play AAA titles and stream on platforms like Twitch, needing a laptop with a high-end GPU, a fast processor, and sufficient cooling systems.",8,128,No,Intel i3,10-15 hours,Lightweight (<1.5kg),30494.199999999997
"I am a video editor working on 4K video projects, requiring a laptop with powerful GPU, ample storage, and high RAM capacity for smooth performance.",4,512,No,Intel i5,5-10 hours,Standard (1.5-2.5kg),29778.739999999998
"I am a casual user who browses the web, streams videos, and occasionally uses productivity software, requiring a budget-friendly laptop.",32,128,Yes,Intel i5,Up to 5 hours,Heavy (>2.5kg),64123.310000000005
"I am a journalist who writes and publishes articles, requiring a portable laptop with decent battery life and a reliable keyboard for long typing sessions.",32,1024,Yes,Intel i5,Up to 5 hours,Heavy (>2.5kg),97505.91
"I am a college student studying computer science, occasionally coding and requiring a lightweight laptop for both programming and presentations.",8,1024,No,Intel i7,5-10 hours,Heavy (>2.5kg),27062.15
"I am a business professional frequently traveling for work, requiring a lightweight, durable laptop with long battery life for presentations and reports.",32,1024,Yes,Intel i7,15+ hours,Lightweight (<1.5kg),58819.60999999999
"I am a college student studying computer science, occasionally coding and requiring a lightweight laptop for both programming and presentations.",4,256,No,Intel i3,5-10 hours,Heavy (>2.5kg),35992.95
"I am a casual user who browses the web, streams videos, and occasionally uses productivity software, requiring a budget-friendly laptop.",4,128,No,Intel i5,Up to 5 hours,Standard (1.5-2.5kg),41878.48
"As a professional photographer, I often edit RAW images and require a laptop with high-resolution display support and plenty of RAM for running editing software.",4,512,No,Intel i7,5-10 hours,Heavy (>2.5kg),31483.559999999998
"I am a journalist who writes and publishes articles, requiring a portable laptop with decent battery life and a reliable keyboard for long typing sessions.",4,1024,No,Ryzen 5,Up to 5 hours,Lightweight (<1.5kg),44781.82
"I am a college student studying computer science, occasionally coding and requiring a lightweight laptop for both programming and presentations.",16,256,Yes,Intel i7,5-10 hours,Lightweight (<1.5kg),60433.96
"I am a casual user who browses the web, streams videos, and occasionally uses productivity software, requiring a budget-friendly laptop.",8,512,No,Ryzen 5,15+ hours,Heavy (>2.5kg),46079.10999999999
"I am a software engineer developing and debugging large-scale applications, requiring a high-performance laptop with a fast processor and sufficient storage.",32,256,Yes,Intel i3,10-15 hours,Lightweight (<1.5kg),81556.63
"I am a software engineer developing and debugging large-scale applications, requiring a high-performance laptop with a fast processor and sufficient storage.",16,512,Yes,Ryzen 7,5-10 hours,Heavy (>2.5kg),59254.53
"I am a professional data scientist working with large datasets and building machine learning models, needing a high-performance laptop with excellent GPU capabilities.",4,256,No,Ryzen 7,10-15 hours,Standard (1.5-2.5kg),28555.320000000003
"I am a journalist who writes and publishes articles, requiring a portable laptop with decent battery life and a reliable keyboard for long typing sessions.",32,1024,Yes,Intel i7,Up to 5 hours,Lightweight (<1.5kg),81538.37
"As a professional photographer, I often edit RAW images and require a laptop with high-resolution display support and plenty of RAM for running editing software.",8,1024,No,Ryzen 7,5-10 hours,Heavy (>2.5kg),43132.60999999999
"As a graphic designer, I work on complex creative projects involving large file sizes and need a laptop with high RAM and storage capacity, along with GPU support.",4,256,No,Intel i3,15+ hours,Lightweight (<1.5kg),27644.809999999998
"I am a video editor working on 4K video projects, requiring a laptop with powerful GPU, ample storage, and high RAM capacity for smooth performance.",4,512,No,Ryzen 3,Up to 5 hours,Lightweight (<1.5kg),38735.27
"As a gamer, I play AAA titles and stream on platforms like Twitch, needing a laptop with a high-end GPU, a fast processor, and sufficient cooling systems.",4,128,No,Intel i7,Up to 5 hours,Standard (1.5-2.5kg),49137.659999999996
"I am a casual user who browses the web, streams videos, and occasionally uses productivity software, requiring a budget-friendly laptop.",8,512,No,Intel i5,10-15 hours,Standard (1.5-2.5kg),25940.820000000003
"I am a professional data scientist working with large datasets and building machine learning models, needing a high-performance laptop with excellent GPU capabilities.",8,128,No,Ryzen 3,5-10 hours,Standard (1.5-2.5kg),37325.93
"As a professional photographer, I often edit RAW images and require a laptop with high-resolution display support and plenty of RAM for running editing software.",4,256,No,Intel i5,10-15 hours,Standard (1.5-2.5kg),33803.409999999996
"As a graphic designer, I work on complex creative projects involving large file sizes and need a laptop with high RAM and storage capacity, along with GPU support.",32,512,Yes,Ryzen 3,10-15 hours,Lightweight (<1.5kg),88536.1
"I am a journalist who writes and publishes articles, requiring a portable laptop with decent battery life and a reliable keyboard for long typing sessions.",4,1024,No,Ryzen 5,Up to 5 hours,Lightweight (<1.5kg),38068.78
"I am a software engineer developing and debugging large-scale applications, requiring a high-performance laptop with a fast processor and sufficient storage.",32,256,Yes,Intel i3,Up to 5 hours,Heavy (>2.5kg),89308.83
"I am a journalist who writes and publishes articles, requiring a portable laptop with decent battery life and a reliable keyboard for long typing sessions.",16,512,Yes,Intel i3,15+ hours,Heavy (>2.5kg),77032.3
"I am a journalist who writes and publishes articles, requiring a portable laptop with decent battery life and a reliable keyboard for long typing sessions.",8,1024,No,Intel i3,10-15 hours,Heavy (>2.5kg),46520.67
"As a graphic designer, I work on complex creative projects involving large file sizes and need a laptop with high RAM and storage capacity, along with GPU support.",8,1024,No,Ryzen 3,5-10 hours,Heavy (>2.5kg),44805.060000000005
"I am a software engineer developing and debugging large-scale applications, requiring a high-performance laptop with a fast processor and sufficient storage.",32,1024,Yes,Ryzen 7,Up to 5 hours,Standard (1.5-2.5kg),56490.630000000005
"I am a professional data scientist working with large datasets and building machine learning models, needing a high-performance laptop with excellent GPU capabilities.",16,256,Yes,Ryzen 5,Up to 5 hours,Heavy (>2.5kg),83466.46
"I am a business professional frequently traveling for work, requiring a lightweight, durable laptop with long battery life for presentations and reports.",16,128,Yes,Intel i5,5-10 hours,Lightweight (<1.5kg),83634.12
"As a gamer, I play AAA titles and stream on platforms like Twitch, needing a laptop with a high-end GPU, a fast processor, and sufficient cooling systems.",4,1024,No,Ryzen 7,15+ hours,Lightweight (<1.5kg),42967.439999999995
"I am a software engineer developing and debugging large-scale applications, requiring a high-performance laptop with a fast processor and sufficient storage.",8,1024,No,Ryzen 5,Up to 5 hours,Lightweight (<1.5kg),32390.75
"I am a video editor working on 4K video projects, requiring a laptop with powerful GPU, ample storage, and high RAM capacity for smooth performance.",16,512,Yes,Intel i3,10-15 hours,Standard (1.5-2.5kg),96992.96999999999
"I am a college student studying computer science, occasionally coding and requiring a lightweight laptop for both programming and presentations.",4,1024,No,Intel i3,5-10 hours,Standard (1.5-2.5kg),27443.949999999997
"I am a college student studying computer science, occasionally coding and requiring a lightweight laptop for both programming and presentations.",4,256,No,Ryzen 5,5-10 hours,Lightweight (<1.5kg),40208.52
"I am a video editor working on 4K video projects, requiring a laptop with powerful GPU, ample storage, and high RAM capacity for smooth performance.",32,512,Yes,Ryzen 7,10-15 hours,Heavy (>2.5kg),66506.23999999999
"As a professional photographer, I often edit RAW images and require a laptop with high-resolution display support and plenty of RAM for running editing software.",32,1024,Yes,Ryzen 7,15+ hours,Standard (1.5-2.5kg),60403.25
"I am a professional data scientist working with large datasets and building machine learning models, needing a high-performance laptop with excellent GPU capabilities.",8,1024,No,Intel i3,10-15 hours,Heavy (>2.5kg),38406.590000000004
"As a graphic designer, I work on complex creative projects involving large file sizes and need a laptop with high RAM and storage capacity, along with GPU support.",8,256,No,Intel i5,5-10 hours,Lightweight (<1.5kg),47026.97
"I am a casual user who browses the web, streams videos, and occasionally uses productivity software, requiring a budget-friendly laptop.",8,128,No,Ryzen 5,5-10 hours,Standard (1.5-2.5kg),30744.86
"I am a professional data scientist working with large datasets and building machine learning models, needing a high-performance laptop with excellent GPU capabilities.",4,1024,No,Intel i3,5-10 hours,Lightweight (<1.5kg),37573.27
"As a graphic designer, I work on complex creative projects involving large file sizes and need a laptop with high RAM and storage capacity, along with GPU support.",4,128,No,Intel i5,5-10 hours,Lightweight (<1.5kg),42769.07
"I am a business professional frequently traveling for work, requiring a lightweight, durable laptop with long battery life for presentations and reports.",32,256,Yes,Ryzen 7,Up to 5 hours,Standard (1.5-2.5kg),93751.81999999999
"As a professional photographer, I often edit RAW images and require a laptop with high-resolution display support and plenty of RAM for running editing software.",4,128,No,Intel i3,10-15 hours,Heavy (>2.5kg),48252.05
"I am a journalist who writes and publishes articles, requiring a portable laptop with decent battery life and a reliable keyboard for long typing sessions.",16,1024,Yes,Ryzen 3,5-10 hours,Heavy (>2.5kg),67266.52
"As a professional photographer, I often edit RAW images and require a laptop with high-resolution display support and plenty of RAM for running editing software.",8,256,No,Intel i3,15+ hours,Lightweight (<1.5kg),29007.670000000002
"I am a business professional frequently traveling for work, requiring a lightweight, durable laptop with long battery life for presentations and reports.",4,512,No,Intel i7,5-10 hours,Heavy (>2.5kg),49287.89000000001
"I am a video editor working on 4K video projects, requiring a laptop with powerful GPU, ample storage, and high RAM capacity for smooth performance.",32,256,Yes,Ryzen 7,Up to 5 hours,Standard (1.5-2.5kg),92188.1
"I am a professional data scientist working with large datasets and building machine learning models, needing a high-performance laptop with excellent GPU capabilities.",32,256,Yes,Intel i3,Up to 5 hours,Heavy (>2.5kg),74961.45
"As a graphic designer, I work on complex creative projects involving large file sizes and need a laptop with high RAM and storage capacity, along with GPU support.",32,256,Yes,Intel i7,5-10 hours,Standard (1.5-2.5kg),92389.79000000001
"I am a college student studying computer science, occasionally coding and requiring a lightweight laptop for both programming and presentations.",16,256,Yes,Intel i7,10-15 hours,Lightweight (<1.5kg),65804.89
"I am a professional data scientist working with large datasets and building machine learning models, needing a high-performance laptop with excellent GPU capabilities.",16,256,Yes,Ryzen 7,5-10 hours,Lightweight (<1.5kg),68420.22
"I am a college student studying computer science, occasionally coding and requiring a lightweight laptop for both programming and presentations.",4,256,No,Intel i7,Up to 5 hours,Heavy (>2.5kg),39155.25
"As a gamer, I play AAA titles and stream on platforms like Twitch, needing a laptop with a high-end GPU, a fast processor, and sufficient cooling systems.",4,512,No,Intel i7,5-10 hours,Standard (1.5-2.5kg),33979.369999999995
"As a graphic designer, I work on complex creative projects involving large file sizes and need a laptop with high RAM and storage capacity, along with GPU support.",4,1024,No,Intel i7,10-15 hours,Heavy (>2.5kg),38533.58
"I am a college student studying computer science, occasionally coding and requiring a lightweight laptop for both programming and presentations.",4,128,No,Ryzen 3,5-10 hours,Heavy (>2.5kg),35370.45
"As a professional photographer, I often edit RAW images and require a laptop with high-resolution display support and plenty of RAM for running editing software.",8,512,No,Intel i3,Up to 5 hours,Lightweight (<1.5kg),43941.03
"I am a college student studying computer science, occasionally coding and requiring a lightweight laptop for both programming and presentations.",32,1024,Yes,Ryzen 3,Up to 5 hours,Lightweight (<1.5kg),87731.0
"I am a business professional frequently traveling for work, requiring a lightweight, durable laptop with long battery life for presentations and reports.",8,128,No,Intel i3,Up to 5 hours,Lightweight (<1.5kg),37739.27
"As a graphic designer, I work on complex creative projects involving large file sizes and need a laptop with high RAM and storage capacity, along with GPU support.",32,256,Yes,Ryzen 5,10-15 hours,Heavy (>2.5kg),68289.91
"I am a college student studying computer science, occasionally coding and requiring a lightweight laptop for both programming and presentations.",8,512,No,Ryzen 3,15+ hours,Heavy (>2.5kg),36530.79
"As a professional photographer, I often edit RAW images and require a laptop with high-resolution display support and plenty of RAM for running editing software.",32,128,Yes,Intel i7,5-10 hours,Lightweight (<1.5kg),99478.81999999999
"I am a software engineer developing and debugging large-scale applications, requiring a high-performance laptop with a fast processor and sufficient storage.",32,256,Yes,Ryzen 7,10-15 hours,Standard (1.5-2.5kg),89769.48
"I am a casual user who browses the web, streams videos, and occasionally uses productivity software, requiring a budget-friendly laptop.",8,256,No,Intel i3,10-15 hours,Lightweight (<1.5kg),37314.31
"As a graphic designer, I work on complex creative projects involving large file sizes and need a laptop with high RAM and storage capacity, along with GPU support.",16,512,Yes,Intel i7,5-10 hours,Heavy (>2.5kg),83747.0
"I am a software engineer developing and debugging large-scale applications, requiring a high-performance laptop with a fast processor and sufficient storage.",32,256,Yes,Intel i3,5-10 hours,Lightweight (<1.5kg),78139.52
"I am a software engineer developing and debugging large-scale applications, requiring a high-performance laptop with a fast processor and sufficient storage.",16,512,Yes,Ryzen 5,Up to 5 hours,Lightweight (<1.5kg),93130.98
"I am a software engineer developing and debugging large-scale applications, requiring a high-performance laptop with a fast processor and sufficient storage.",32,512,Yes,Intel i3,10-15 hours,Heavy (>2.5kg),52456.0
"As a gamer, I play AAA titles and stream on platforms like Twitch, needing a laptop with a high-end GPU, a fast processor, and sufficient cooling systems.",32,512,Yes,Intel i5,15+ hours,Heavy (>2.5kg),72350.27
"I am a business professional frequently traveling for work, requiring a lightweight, durable laptop with long battery life for presentations and reports.",4,1024,No,Intel i5,Up to 5 hours,Heavy (>2.5kg),34557.880000000005
"I am a video editor working on 4K video projects, requiring a laptop with powerful GPU, ample storage, and high RAM capacity for smooth performance.",4,128,No,Ryzen 7,10-15 hours,Lightweight (<1.5kg),38887.159999999996
"As a graphic designer, I work on complex creative projects involving large file sizes and need a laptop with high RAM and storage capacity, along with GPU support.",16,1024,Yes,Ryzen 5,10-15 hours,Lightweight (<1.5kg),64719.25
"As a professional photographer, I often edit RAW images and require a laptop with high-resolution display support and plenty of RAM for running editing software.",4,128,No,Intel i3,5-10 hours,Standard (1.5-2.5kg),36397.99
"I am a professional data scientist working with large datasets and building machine learning models, needing a high-performance laptop with excellent GPU capabilities.",16,256,Yes,Ryzen 7,5-10 hours,Heavy (>2.5kg),70153.26000000001
"I am a casual user who browses the web, streams videos, and occasionally uses productivity software, requiring a budget-friendly laptop.",8,512,No,Ryzen 7,10-15 hours,Heavy (>2.5kg),49422.350000000006
"As a professional photographer, I often edit RAW images and require a laptop with high-resolution display support and plenty of RAM for running editing software.",8,1024,No,Ryzen 7,Up to 5 hours,Lightweight (<1.5kg),34734.67
"I am a software engineer developing and debugging large-scale applications, requiring a high-performance laptop with a fast processor and sufficient storage.",32,512,Yes,Intel i7,15+ hours,Heavy (>2.5kg),65091.92
"As a professional photographer, I often edit RAW images and require a laptop with high-resolution display support and plenty of RAM for running editing software.",32,128,Yes,Ryzen 5,10-15 hours,Standard (1.5-2.5kg),80430.31999999999
"I am a software engineer developing and debugging large-scale applications, requiring a high-performance laptop with a fast processor and sufficient storage.",4,1024,No,Intel i7,5-10 hours,Standard (1.5-2.5kg),43143.399999999994
"I am a video editor working on 4K video projects, requiring a laptop with powerful GPU, ample storage, and high RAM capacity for smooth performance.",4,128,No,Ryzen 7,15+ hours,Standard (1.5-2.5kg),29119.719999999998
"I am a casual user who browses the web, streams videos, and occasionally uses productivity software, requiring a budget-friendly laptop.",16,256,Yes,Intel i5,15+ hours,Standard (1.5-2.5kg),61608.409999999996
"As a gamer, I play AAA titles and stream on platforms like Twitch, needing a laptop with a high-end GPU, a fast processor, and sufficient cooling systems.",4,1024,No,Intel i7,5-10 hours,Lightweight (<1.5kg),29851.780000000002
"I am a journalist who writes and publishes articles, requiring a portable laptop with decent battery life and a reliable keyboard for long typing sessions.",32,512,Yes,Intel i5,15+ hours,Standard (1.5-2.5kg),79518.15
"I am a professional data scientist working with large datasets and building machine learning models, needing a high-performance laptop with excellent GPU capabilities.",8,1024,No,Intel i5,Up to 5 hours,Standard (1.5-2.5kg),28126.21
"I am a casual user who browses the web, streams videos, and occasionally uses productivity software, requiring a budget-friendly laptop.",16,128,Yes,Ryzen 5,Up to 5 hours,Lightweight (<1.5kg),91287.54999999999
"I am a casual user who browses the web, streams videos, and occasionally uses productivity software, requiring a budget-friendly laptop.",8,128,No,Ryzen 7,15+ hours,Heavy (>2.5kg),26867.929999999997
"I am a video editor working on 4K video projects, requiring a laptop with powerful GPU, ample storage, and high RAM capacity for smooth performance.",32,128,Yes,Intel i7,Up to 5 hours,Standard (1.5-2.5kg),54718.58
"I am a software engineer developing and debugging large-scale applications, requiring a high-performance laptop with a fast processor and sufficient storage.",16,128,Yes,Ryzen 7,5-10 hours,Lightweight (<1.5kg),79894.14
"I am a software engineer developing and debugging large-scale applications, requiring a high-performance laptop with a fast processor and sufficient storage.",32,1024,Yes,Intel i3,5-10 hours,Lightweight (<1.5kg),56744.60999999999
"As a graphic designer, I work on complex creative projects involving large file sizes and need a laptop with high RAM and storage capacity, along with GPU support.",4,128,No,Intel i3,Up to 5 hours,Lightweight (<1.5kg),47780.60999999999
"I am a software engineer developing and debugging large-scale applications, requiring a high-performance laptop with a fast processor and sufficient storage.",8,512,No,Intel i7,15+ hours,Standard (1.5-2.5kg),33398.369999999995
"As a gamer, I play AAA titles and stream on platforms like Twitch, needing a laptop with a high-end GPU, a fast processor, and sufficient cooling systems.",32,128,Yes,Ryzen 7,15+ hours,Standard (1.5-2.5kg),58080.909999999996
"As a professional photographer, I often edit RAW images and require a laptop with high-resolution display support and plenty of RAM for running editing software.",4,1024,No,Intel i3,10-15 hours,Heavy (>2.5kg),46289.100000000006
"As a gamer, I play AAA titles and stream on platforms like Twitch, needing a laptop with a high-end GPU, a fast processor, and sufficient cooling systems.",4,256,No,Ryzen 7,Up to 5 hours,Lightweight (<1.5kg),46316.49
"As a professional photographer, I often edit RAW images and require a laptop with high-resolution display support and plenty of RAM for running editing software.",4,128,No,Intel i3,5-10 hours,Standard (1.5-2.5kg),27476.320000000003
"I am a college student studying computer science, occasionally coding and requiring a lightweight laptop for both programming and presentations.",4,256,No,Intel i3,15+ hours,Standard (1.5-2.5kg),46562.17
"I am a software engineer developing and debugging large-scale applications, requiring a high-performance laptop with a fast processor and sufficient storage.",32,1024,Yes,Ryzen 5,Up to 5 hours,Heavy (>2.5kg),54015.57
"I am a college student studying computer science, occasionally coding and requiring a lightweight laptop for both programming and presentations.",32,512,Yes,Intel i7,5-10 hours,Lightweight (<1.5kg),59209.71
"As a gamer, I play AAA titles and stream on platforms like Twitch, needing a laptop with a high-end GPU, a fast processor, and sufficient cooling systems.",8,128,No,Ryzen 3,Up to 5 hours,Heavy (>2.5kg),28037.4
"I am a software engineer developing and debugging large-scale applications, requiring a high-performance laptop with a fast processor and sufficient storage.",8,256,No,Ryzen 5,5-10 hours,Standard (1.5-2.5kg),46025.159999999996
"As a gamer, I play AAA titles and stream on platforms like Twitch, needing a laptop with a high-end GPU, a fast processor, and sufficient cooling systems.",4,256,No,Ryzen 5,10-15 hours,Heavy (>2.5kg),45758.729999999996
"As a graphic designer, I work on complex creative projects involving large file sizes and need a laptop with high RAM and storage capacity, along with GPU support.",32,128,Yes,Ryzen 3,15+ hours,Heavy (>2.5kg),61254.0
"As a gamer, I play AAA titles and stream on platforms like Twitch, needing a laptop with a high-end GPU, a fast processor, and sufficient cooling systems.",16,1024,Yes,Intel i7,15+ hours,Lightweight (<1.5kg),54607.35999999999
"I am a college student studying computer science, occasionally coding and requiring a lightweight laptop for both programming and presentations.",32,1024,Yes,Intel i3,15+ hours,Lightweight (<1.5kg),89850.81999999999
"As a gamer, I play AAA titles and stream on platforms like Twitch, needing a laptop with a high-end GPU, a fast processor, and sufficient cooling systems.",16,1024,Yes,Ryzen 5,15+ hours,Standard (1.5-2.5kg),58057.67
"I am a professional data scientist working with large datasets and building machine learning models, needing a high-performance laptop with excellent GPU capabilities.",16,256,Yes,Intel i7,5-10 hours,Heavy (>2.5kg),87604.01000000001
"As a professional photographer, I often edit RAW images and require a laptop with high-resolution display support and plenty of RAM for running editing software.",4,128,No,Ryzen 3,Up to 5 hours,Heavy (>2.5kg),28045.699999999997
"I am a business professional frequently traveling for work, requiring a lightweight, durable laptop with long battery life for presentations and reports.",16,128,Yes,Intel i7,15+ hours,Standard (1.5-2.5kg),62159.53
"As a gamer, I play AAA titles and stream on platforms like Twitch, needing a laptop with a high-end GPU, a fast processor, and sufficient cooling systems.",32,1024,Yes,Ryzen 3,Up to 5 hours,Standard (1.5-2.5kg),65244.64000000001
"I am a video editor working on 4K video projects, requiring a laptop with powerful GPU, ample storage, and high RAM capacity for smooth performance.",16,1024,Yes,Intel i7,Up to 5 hours,Standard (1.5-2.5kg),58477.649999999994
"I am a casual user who browses the web, streams videos, and occasionally uses productivity software, requiring a budget-friendly laptop.",4,1024,No,Ryzen 3,10-15 hours,Standard (1.5-2.5kg),40622.69
"I am a software engineer developing and debugging large-scale applications, requiring a high-performance laptop with a fast processor and sufficient storage.",32,128,Yes,Ryzen 3,Up to 5 hours,Lightweight (<1.5kg),65908.64
"I am a video editor working on 4K video projects, requiring a laptop with powerful GPU, ample storage, and high RAM capacity for smooth performance.",8,256,No,Intel i3,Up to 5 hours,Lightweight (<1.5kg),46816.979999999996
"As a graphic designer, I work on complex creative projects involving large file sizes and need a laptop with high RAM and storage capacity, along with GPU support.",32,128,Yes,Ryzen 5,5-10 hours,Heavy (>2.5kg),97027.83
"I am a journalist who writes and publishes articles, requiring a portable laptop with decent battery life and a reliable keyboard for long typing sessions.",8,1024,No,Intel i5,Up to 5 hours,Lightweight (<1.5kg),28463.190000000002
"I am a journalist who writes and publishes articles, requiring a portable laptop with decent battery life and a reliable keyboard for long typing sessions.",8,512,No,Ryzen 3,Up to 5 hours,Heavy (>2.5kg),42133.29
"I am a business professional frequently traveling for work, requiring a lightweight, durable laptop with long battery life for presentations and reports.",8,256,No,Intel i5,5-10 hours,Lightweight (<1.5kg),29190.27
"As a professional photographer, I often edit RAW images and require a laptop with high-resolution display support and plenty of RAM for running editing software.",16,128,Yes,Ryzen 7,15+ hours,Heavy (>2.5kg),94545.29999999999
"I am a professional data scientist working with large datasets and building machine learning models, needing a high-performance laptop with excellent GPU capabilities.",4,256,No,Ryzen 7,10-15 hours,Heavy (>2.5kg),37192.3
"I am a software engineer developing and debugging large-scale applications, requiring a high-performance laptop with a fast processor and sufficient storage.",16,1024,Yes,Intel i5,15+ hours,Standard (1.5-2.5kg),77288.77
"As a graphic designer, I work on complex creative projects involving large file sizes and need a laptop with high RAM and storage capacity, along with GPU support.",32,512,Yes,Intel i7,10-15 hours,Heavy (>2.5kg),63693.369999999995
"I am a business professional frequently traveling for work, requiring a lightweight, durable laptop with long battery life for presentations and reports.",8,512,No,Ryzen 3,10-15 hours,Heavy (>2.5kg),31364.87
"I am a business professional frequently traveling for work, requiring a lightweight, durable laptop with long battery life for presentations and reports.",16,512,Yes,Intel i7,10-15 hours,Standard (1.5-2.5kg),99552.69
"I am a video editor working on 4K video projects, requiring a laptop with powerful GPU, ample storage, and high RAM capacity for smooth performance.",32,128,Yes,Intel i7,5-10 hours,Lightweight (<1.5kg),51850.100000000006
"I am a casual user who browses the web, streams videos, and occasionally uses productivity software, requiring a budget-friendly laptop.",4,128,No,Intel i3,5-10 hours,Lightweight (<1.5kg),42032.03
"As a gamer, I play AAA titles and stream on platforms like Twitch, needing a laptop with a high-end GPU, a fast processor, and sufficient cooling systems.",32,256,Yes,Intel i5,5-10 hours,Heavy (>2.5kg),58385.520000000004
"As a graphic designer, I work on complex creative projects involving large file sizes and need a laptop with high RAM and storage capacity, along with GPU support.",32,256,Yes,Ryzen 7,5-10 hours,Lightweight (<1.5kg),58629.54
"I am a casual user who browses the web, streams videos, and occasionally uses productivity software, requiring a budget-friendly laptop.",16,1024,Yes,Intel i5,5-10 hours,Standard (1.5-2.5kg),93431.44
"I am a professional data scientist working with large datasets and building machine learning models, needing a high-performance laptop with excellent GPU capabilities.",32,128,Yes,Ryzen 3,5-10 hours,Standard (1.5-2.5kg),77814.98999999999
"I am a college student studying computer science, occasionally coding and requiring a lightweight laptop for both programming and presentations.",16,256,Yes,Intel i3,15+ hours,Heavy (>2.5kg),53471.92
"I am a professional data scientist working with large datasets and building machine learning models, needing a high-performance laptop with excellent GPU capabilities.",4,128,No,Ryzen 5,15+ hours,Heavy (>2.5kg),47729.149999999994
"As a graphic designer, I work on complex creative projects involving large file sizes and need a laptop with high RAM and storage capacity, along with GPU support.",16,256,Yes,Intel i7,15+ hours,Heavy (>2.5kg),54117.659999999996
"As a graphic designer, I work on complex creative projects involving large file sizes and need a laptop with high RAM and storage capacity, along with GPU support.",4,256,No,Intel i7,5-10 hours,Lightweight (<1.5kg),42695.2
"As a gamer, I play AAA titles and stream on platforms like Twitch, needing a laptop with a high-end GPU, a fast processor, and sufficient cooling systems.",4,128,No,Intel i3,5-10 hours,Heavy (>2.5kg),34295.6
"I am a video editor working on 4K video projects, requiring a laptop with powerful GPU, ample storage, and high RAM capacity for smooth performance.",4,512,No,Intel i3,5-10 hours,Standard (1.5-2.5kg),38486.27
"I am a casual user who browses the web, streams videos, and occasionally uses productivity software, requiring a budget-friendly laptop.",16,256,Yes,Intel i5,Up to 5 hours,Heavy (>2.5kg),79341.36
"I am a professional data scientist working with large datasets and building machine learning models, needing a high-performance laptop with excellent GPU capabilities.",4,1024,No,Intel i7,5-10 hours,Heavy (>2.5kg),26037.1
"As a graphic designer, I work on complex creative projects involving large file sizes and need a laptop with high RAM and storage capacity, along with GPU support.",16,128,Yes,Intel i3,Up to 5 hours,Standard (1.5-2.5kg),86147.36
"I am a professional data scientist working with large datasets and building machine learning models, needing a high-performance laptop with excellent GPU capabilities.",4,1024,No,Intel i5,15+ hours,Standard (1.5-2.5kg),33024.04
"I am a business professional frequently traveling for work, requiring a lightweight, durable laptop with long battery life for presentations and reports.",4,512,No,Intel i7,Up to 5 hours,Lightweight (<1.5kg),31693.550000000003
"I am a college student studying computer science, occasionally coding and requiring a lightweight laptop for both programming and presentations.",32,1024,Yes,Intel i3,Up to 5 hours,Heavy (>2.5kg),75361.51000000001
"I am a college student studying computer science, occasionally coding and requiring a lightweight laptop for both programming and presentations.",16,1024,Yes,Intel i5,10-15 hours,Lightweight (<1.5kg),57416.08
"As a graphic designer, I work on complex creative projects involving large file sizes and need a laptop with high RAM and storage capacity, along with GPU support.",16,1024,Yes,Intel i3,Up to 5 hours,Lightweight (<1.5kg),59237.93
"I am a video editor working on 4K video projects, requiring a laptop with powerful GPU, ample storage, and high RAM capacity for smooth performance.",16,256,Yes,Intel i5,10-15 hours,Heavy (>2.5kg),76886.22
"I am a video editor working on 4K video projects, requiring a laptop with powerful GPU, ample storage, and high RAM capacity for smooth performance.",32,256,Yes,Ryzen 7,Up to 5 hours,Standard (1.5-2.5kg),93462.15
"I am a software engineer developing and debugging large-scale applications, requiring a high-performance laptop with a fast processor and sufficient storage.",4,256,No,Ryzen 3,Up to 5 hours,Heavy (>2.5kg),33343.590000000004
"I am a college student studying computer science, occasionally coding and requiring a lightweight laptop for both programming and presentations.",32,1024,Yes,Intel i5,15+ hours,Lightweight (<1.5kg),89305.51000000001
"As a gamer, I play AAA titles and stream on platforms like Twitch, needing a laptop with a high-end GPU, a fast processor, and sufficient cooling systems.",8,512,No,Ryzen 7,5-10 hours,Standard (1.5-2.5kg),48313.47
"I am a business professional frequently traveling for work, requiring a lightweight, durable laptop with long battery life for presentations and reports.",16,512,Yes,Intel i7,5-10 hours,Heavy (>2.5kg),61769.43
"I am a journalist who writes and publishes articles, requiring a portable laptop with decent battery life and a reliable keyboard for long typing sessions.",8,512,No,Ryzen 5,10-15 hours,Standard (1.5-2.5kg),28640.809999999998
"I am a software engineer developing and debugging large-scale applications, requiring a high-performance laptop with a fast processor and sufficient storage.",16,256,Yes,Intel i5,5-10 hours,Lightweight (<1.5kg),96906.65
"As a gamer, I play AAA titles and stream on platforms like Twitch, needing a laptop with a high-end GPU, a fast processor, and sufficient cooling systems.",32,256,Yes,Intel i7,Up to 5 hours,Standard (1.5-2.5kg),66802.55
"As a gamer, I play AAA titles and stream on platforms like Twitch, needing a laptop with a high-end GPU, a fast processor, and sufficient cooling systems.",4,512,No,Intel i3,Up to 5 hours,Lightweight (<1.5kg),27268.820000000003
"I am a journalist who writes and publishes articles, requiring a portable laptop with decent battery life and a reliable keyboard for long typing sessions.",8,256,No,Ryzen 3,5-10 hours,Heavy (>2.5kg),40474.119999999995
"I am a professional data scientist working with large datasets and building machine learning models, needing a high-performance laptop with excellent GPU capabilities.",8,1024,No,Ryzen 3,Up to 5 hours,Heavy (>2.5kg),40902.4
"I am a professional data scientist working with large datasets and building machine learning models, needing a high-performance laptop with excellent GPU capabilities.",4,512,No,Intel i7,15+ hours,Lightweight (<1.5kg),31622.170000000002
"I am a professional data scientist working with large datasets and building machine learning models, needing a high-performance laptop with excellent GPU capabilities.",4,1024,No,Ryzen 3,Up to 5 hours,Standard (1.5-2.5kg),32728.559999999998
"I am a professional data scientist working with large datasets and building machine learning models, needing a high-performance laptop with excellent GPU capabilities.",16,128,Yes,Intel i3,10-15 hours,Heavy (>2.5kg),95797.77
"I am a casual user who browses the web, streams videos, and occasionally uses productivity software, requiring a budget-friendly laptop.",32,512,Yes,Ryzen 5,15+ hours,Lightweight (<1.5kg),82739.38
"As a graphic designer, I work on complex creative projects involving large file sizes and need a laptop with high RAM and storage capacity, along with GPU support.",4,128,No,Ryzen 7,15+ hours,Lightweight (<1.5kg),43733.53
"As a graphic designer, I work on complex creative projects involving large file sizes and need a laptop with high RAM and storage capacity, along with GPU support.",8,512,No,Intel i7,5-10 hours,Lightweight (<1.5kg),27886.34
"As a gamer, I play AAA titles and stream on platforms like Twitch, needing a laptop with a high-end GPU, a fast processor, and sufficient cooling systems.",16,1024,Yes,Ryzen 3,10-15 hours,Standard (1.5-2.5kg),90670.86
"As a professional photographer, I often edit RAW images and require a laptop with high-resolution display support and plenty of RAM for running editing software.",16,512,Yes,Intel i5,Up to 5 hours,Lightweight (<1.5kg),91267.62999999999
"I am a software engineer developing and debugging large-scale applications, requiring a high-performance laptop with a fast processor and sufficient storage.",8,128,No,Intel i3,Up to 5 hours,Lightweight (<1.5kg),32054.6
"As a gamer, I play AAA titles and stream on platforms like Twitch, needing a laptop with a high-end GPU, a fast processor, and sufficient cooling systems.",8,1024,No,Ryzen 7,Up to 5 hours,Heavy (>2.5kg),40829.36
"I am a software engineer developing and debugging large-scale applications, requiring a high-performance laptop with a fast processor and sufficient storage.",8,512,No,Ryzen 7,10-15 hours,Heavy (>2.5kg),46882.55
"As a gamer, I play AAA titles and stream on platforms like Twitch, needing a laptop with a high-end GPU, a fast processor, and sufficient cooling systems.",4,256,No,Ryzen 3,Up to 5 hours,Heavy (>2.5kg),28152.77
"As a graphic designer, I work on complex creative projects involving large file sizes and need a laptop with high RAM and storage capacity, along with GPU support.",4,512,No,Ryzen 5,5-10 hours,Lightweight (<1.5kg),38194.94
"As a gamer, I play AAA titles and stream on platforms like Twitch, needing a laptop with a high-end GPU, a fast processor, and sufficient cooling systems.",4,512,No,Intel i5,15+ hours,Heavy (>2.5kg),30778.89
"I am a casual user who browses the web, streams videos, and occasionally uses productivity software, requiring a budget-friendly laptop.",32,512,Yes,Intel i5,10-15 hours,Heavy (>2.5kg),68555.51000000001
"I am a journalist who writes and publishes articles, requiring a portable laptop with decent battery life and a reliable keyboard for long typing sessions.",8,128,No,Ryzen 3,10-15 hours,Standard (1.5-2.5kg),27615.760000000002
"I am a business professional frequently traveling for work, requiring a lightweight, durable laptop with long battery life for presentations and reports.",16,128,Yes,Intel i7,5-10 hours,Heavy (>2.5kg),94694.70000000001
"As a graphic designer, I work on complex creative projects involving large file sizes and need a laptop with high RAM and storage capacity, along with GPU support.",4,256,No,Ryzen 7,10-15 hours,Lightweight (<1.5kg),43018.07
"I am a video editor working on 4K video projects, requiring a laptop with powerful GPU, ample storage, and high RAM capacity for smooth performance.",8,1024,No,Intel i3,10-15 hours,Lightweight (<1.5kg),29264.969999999998
"I am a video editor working on 4K video projects, requiring a laptop with powerful GPU, ample storage, and high RAM capacity for smooth performance.",4,256,No,Intel i5,5-10 hours,Heavy (>2.5kg),31702.679999999997
"As a gamer, I play AAA titles and stream on platforms like Twitch, needing a laptop with a high-end GPU, a fast processor, and sufficient cooling systems.",32,256,Yes,Ryzen 3,15+ hours,Heavy (>2.5kg),94954.48999999999
"I am a college student studying computer science, occasionally coding and requiring a lightweight laptop for both programming and presentations.",8,256,No,Ryzen 3,15+ hours,Heavy (>2.5kg),36989.78
"I am a business professional frequently traveling for work, requiring a lightweight, durable laptop with long battery life for presentations and reports.",16,512,Yes,Ryzen 5,5-10 hours,Heavy (>2.5kg),89852.48
"I am a professional data scientist working with large datasets and building machine learning models, needing a high-performance laptop with excellent GPU capabilities.",32,512,Yes,Ryzen 5,Up to 5 hours,Standard (1.5-2.5kg),58043.560000000005
"I am a casual user who browses the web, streams videos, and occasionally uses productivity software, requiring a budget-friendly laptop.",4,512,No,Intel i5,15+ hours,Lightweight (<1.5kg),46064.17
"I am a professional data scientist working with large datasets and building machine learning models, needing a high-performance laptop with excellent GPU capabilities.",32,128,Yes,Ryzen 5,5-10 hours,Lightweight (<1.5kg),81071.08
"As a gamer, I play AAA titles and stream on platforms like Twitch, needing a laptop with a high-end GPU, a fast processor, and sufficient cooling systems.",8,128,No,Ryzen 3,15+ hours,Lightweight (<1.5kg),41480.909999999996
"As a professional photographer, I often edit RAW images and require a laptop with high-resolution display support and plenty of RAM for running editing software.",4,256,No,Ryzen 5,15+ hours,Standard (1.5-2.5kg),36960.73
"I am a software engineer developing and debugging large-scale applications, requiring a high-performance laptop with a fast processor and sufficient storage.",4,128,No,Ryzen 7,5-10 hours,Heavy (>2.5kg),41250.17
"I am a software engineer developing and debugging large-scale applications, requiring a high-performance laptop with a fast processor and sufficient storage.",16,256,Yes,Ryzen 7,15+ hours,Standard (1.5-2.5kg),61029.07
"I am a college student studying computer science, occasionally coding and requiring a lightweight laptop for both programming and presentations.",8,256,No,Ryzen 3,10-15 hours,Lightweight (<1.5kg),34765.380000000005
"I am a business professional frequently traveling for work, requiring a lightweight, durable laptop with long battery life for presentations and reports.",32,256,Yes,Intel i7,5-10 hours,Standard (1.5-2.5kg),68963.04
"I am a professional data scientist working with large datasets and building machine learning models, needing a high-performance laptop with excellent GPU capabilities.",4,256,No,Ryzen 5,5-10 hours,Lightweight (<1.5kg),26721.85
"As a graphic designer, I work on complex creative projects involving large file sizes and need a laptop with high RAM and storage capacity, along with GPU support.",16,256,Yes,Ryzen 7,15+ hours,Lightweight (<1.5kg),78192.64
"I am a professional data scientist working with large datasets and building machine learning models, needing a high-performance laptop with excellent GPU capabilities.",16,256,Yes,Intel i3,15+ hours,Lightweight (<1.5kg),60490.399999999994
"I am a business professional frequently traveling for work, requiring a lightweight, durable laptop with long battery life for presentations and reports.",16,512,Yes,Intel i3,5-10 hours,Heavy (>2.5kg),80777.26000000001
"I am a professional data scientist working with large datasets and building machine learning models, needing a high-performance laptop with excellent GPU capabilities.",4,128,No,Intel i3,10-15 hours,Standard (1.5-2.5kg),33508.76
"I am a journalist who writes and publishes articles, requiring a portable laptop with decent battery life and a reliable keyboard for long typing sessions.",4,128,No,Ryzen 3,15+ hours,Standard (1.5-2.5kg),46280.8
"I am a professional data scientist working with large datasets and building machine learning models, needing a high-performance laptop with excellent GPU capabilities.",4,1024,No,Ryzen 3,Up to 5 hours,Standard (1.5-2.5kg),48613.100000000006
"I am a professional data scientist working with large datasets and building machine learning models, needing a high-performance laptop with excellent GPU capabilities.",32,512,Yes,Ryzen 3,5-10 hours,Lightweight (<1.5kg),49860.590000000004
"I am a video editor working on 4K video projects, requiring a laptop with powerful GPU, ample storage, and high RAM capacity for smooth performance.",32,512,Yes,Intel i7,15+ hours,Heavy (>2.5kg),93337.65
"I am a college student studying computer science, occasionally coding and requiring a lightweight laptop for both programming and presentations.",8,256,No,Ryzen 3,Up to 5 hours,Lightweight (<1.5kg),44214.93
"I am a journalist who writes and publishes articles, requiring a portable laptop with decent battery life and a reliable keyboard for long typing sessions.",4,256,No,Ryzen 5,5-10 hours,Standard (1.5-2.5kg),36870.26
"I am a video editor working on 4K video projects, requiring a laptop with powerful GPU, ample storage, and high RAM capacity for smooth performance.",32,256,Yes,Ryzen 3,5-10 hours,Lightweight (<1.5kg),80817.1
"I am a business professional frequently traveling for work, requiring a lightweight, durable laptop with long battery life for presentations and reports.",32,1024,Yes,Intel i3,5-10 hours,Lightweight (<1.5kg),58258.53
"As a professional photographer, I often edit RAW images and require a laptop with high-resolution display support and plenty of RAM for running editing software.",8,512,No,Ryzen 3,5-10 hours,Standard (1.5-2.5kg),45909.79
"I am a business professional frequently traveling for work, requiring a lightweight, durable laptop with long battery life for presentations and reports.",16,128,Yes,Ryzen 7,10-15 hours,Lightweight (<1.5kg),56496.439999999995
"I am a college student studying computer science, occasionally coding and requiring a lightweight laptop for both programming and presentations.",32,512,Yes,Ryzen 7,5-10 hours,Lightweight (<1.5kg),97521.68000000001
"As a gamer, I play AAA titles and stream on platforms like Twitch, needing a laptop with a high-end GPU, a fast processor, and sufficient cooling systems.",32,256,Yes,Intel i5,10-15 hours,Lightweight (<1.5kg),92231.26000000001
"I am a professional data scientist working with large datasets and building machine learning models, needing a high-performance laptop with excellent GPU capabilities.",16,128,Yes,Intel i3,5-10 hours,Standard (1.5-2.5kg),77265.53
"I am a college student studying computer science, occasionally coding and requiring a lightweight laptop for both programming and presentations.",8,1024,No,Intel i7,Up to 5 hours,Standard (1.5-2.5kg),28697.25
"I am a casual user who browses the web, streams videos, and occasionally uses productivity software, requiring a budget-friendly laptop.",8,128,No,Intel i5,10-15 hours,Lightweight (<1.5kg),27044.719999999998
"I am a journalist who writes and publishes articles, requiring a portable laptop with decent battery life and a reliable keyboard for long typing sessions.",8,256,No,Ryzen 3,5-10 hours,Heavy (>2.5kg),32518.570000000003
"I am a business professional frequently traveling for work, requiring a lightweight, durable laptop with long battery life for presentations and reports.",4,256,No,Intel i3,15+ hours,Lightweight (<1.5kg),36058.52
"I am a software engineer developing and debugging large-scale applications, requiring a high-performance laptop with a fast processor and sufficient storage.",8,1024,No,Intel i7,Up to 5 hours,Lightweight (<1.5kg),31082.670000000002
"I am a professional data scientist working with large datasets and building machine learning models, needing a high-performance laptop with excellent GPU capabilities.",8,512,No,Intel i3,5-10 hours,Lightweight (<1.5kg),27507.86
"I am a casual user who browses the web, streams videos, and occasionally uses productivity software, requiring a budget-friendly laptop.",16,256,Yes,Intel i3,10-15 hours,Standard (1.5-2.5kg),83544.48
"I am a business professional frequently traveling for work, requiring a lightweight, durable laptop with long battery life for presentations and reports.",32,1024,Yes,Ryzen 3,15+ hours,Lightweight (<1.5kg),78231.65
"I am a business professional frequently traveling for work, requiring a lightweight, durable laptop with long battery life for presentations and reports.",4,128,No,Intel i7,10-15 hours,Standard (1.5-2.5kg),48253.71
"I am a professional data scientist working with large datasets and building machine learning models, needing a high-performance laptop with excellent GPU capabilities.",4,512,No,Intel i5,Up to 5 hours,Lightweight (<1.5kg),44424.090000000004
"I am a video editor working on 4K video projects, requiring a laptop with powerful GPU, ample storage, and high RAM capacity for smooth performance.",8,256,No,Ryzen 7,15+ hours,Standard (1.5-2.5kg),28565.280000000002
"I am a college student studying computer science, occasionally coding and requiring a lightweight laptop for both programming and presentations.",32,1024,Yes,Intel i7,5-10 hours,Lightweight (<1.5kg),82352.6
"As a professional photographer, I often edit RAW images and require a laptop with high-resolution display support and plenty of RAM for running editing software.",4,1024,No,Ryzen 5,10-15 hours,Standard (1.5-2.5kg),38442.28
"As a graphic designer, I work on complex creative projects involving large file sizes and need a laptop with high RAM and storage capacity, along with GPU support.",8,1024,No,Ryzen 7,5-10 hours,Lightweight (<1.5kg),46007.729999999996
"I am a journalist who writes and publishes articles, requiring a portable laptop with decent battery life and a reliable keyboard for long typing sessions.",4,128,No,Ryzen 7,15+ hours,Heavy (>2.5kg),32082.820000000003
"I am a software engineer developing and debugging large-scale applications, requiring a high-performance laptop with a fast processor and sufficient storage.",4,512,No,Intel i7,5-10 hours,Heavy (>2.5kg),29560.449999999997
"I am a video editor working on 4K video projects, requiring a laptop with powerful GPU, ample storage, and high RAM capacity for smooth performance.",32,256,Yes,Intel i5,15+ hours,Heavy (>2.5kg),89381.04000000001
"I am a college student studying computer science, occasionally coding and requiring a lightweight laptop for both programming and presentations.",8,256,No,Intel i7,5-10 hours,Standard (1.5-2.5kg),47396.32
"As a professional photographer, I often edit RAW images and require a laptop with high-resolution display support and plenty of RAM for running editing software.",8,128,No,Ryzen 3,10-15 hours,Standard (1.5-2.5kg),43597.409999999996
"I am a software engineer developing and debugging large-scale applications, requiring a high-performance laptop with a fast processor and sufficient storage.",8,1024,No,Intel i7,Up to 5 hours,Heavy (>2.5kg),39140.31
"I am a business professional frequently traveling for work, requiring a lightweight, durable laptop with long battery life for presentations and reports.",8,128,No,Intel i7,5-10 hours,Heavy (>2.5kg),49162.560000000005
"I am a casual user who browses the web, streams videos, and occasionally uses productivity software, requiring a budget-friendly laptop.",4,512,No,Intel i7,15+ hours,Lightweight (<1.5kg),33469.75
"I am a journalist who writes and publishes articles, requiring a portable laptop with decent battery life and a reliable keyboard for long typing sessions.",16,1024,Yes,Ryzen 7,15+ hours,Lightweight (<1.5kg),67941.31
"I am a casual user who browses the web, streams videos, and occasionally uses productivity software, requiring a budget-friendly laptop.",16,256,Yes,Intel i5,10-15 hours,Heavy (>2.5kg),83108.73
"As a professional photographer, I often edit RAW images and require a laptop with high-resolution display support and plenty of RAM for running editing software.",32,128,Yes,Intel i7,Up to 5 hours,Lightweight (<1.5kg),99175.04000000001
"I am a casual user who browses the web, streams videos, and occasionally uses productivity software, requiring a budget-friendly laptop.",32,256,Yes,Ryzen 7,10-15 hours,Heavy (>2.5kg),74133.94
"As a graphic designer, I work on complex creative projects involving large file sizes and need a laptop with high RAM and storage capacity, along with GPU support.",8,128,No,Ryzen 3,15+ hours,Lightweight (<1.5kg),45894.020000000004
"I am a business professional frequently traveling for work, requiring a lightweight, durable laptop with long battery life for presentations and reports.",4,256,No,Ryzen 3,10-15 hours,Standard (1.5-2.5kg),41136.46
"As a graphic designer, I work on complex creative projects involving large file sizes and need a laptop with high RAM and storage capacity, along with GPU support.",16,256,Yes,Ryzen 5,10-15 hours,Heavy (>2.5kg),90440.95000000001
"I am a professional data scientist working with large datasets and building machine learning models, needing a high-performance laptop with excellent GPU capabilities.",32,1024,Yes,Intel i7,Up to 5 hours,Lightweight (<1.5kg),67674.88
"As a graphic designer, I work on complex creative projects involving large file sizes and need a laptop with high RAM and storage capacity, along with GPU support.",16,1024,Yes,Ryzen 7,Up to 5 hours,Lightweight (<1.5kg),52822.03
"I am a video editor working on 4K video projects, requiring a laptop with powerful GPU, ample storage, and high RAM capacity for smooth performance.",32,128,Yes,Intel i5,15+ hours,Standard (1.5-2.5kg),86999.77
"I am a software engineer developing and debugging large-scale applications, requiring a high-performance laptop with a fast processor and sufficient storage.",16,1024,Yes,Intel i5,Up to 5 hours,Heavy (>2.5kg),88224.02
"I am a college student studying computer science, occasionally coding and requiring a lightweight laptop for both programming and presentations.",32,512,Yes,Intel i3,Up to 5 hours,Heavy (>2.5kg),87307.70000000001
"I am a business professional frequently traveling for work, requiring a lightweight, durable laptop with long battery life for presentations and reports.",4,256,No,Intel i7,15+ hours,Heavy (>2.5kg),29093.989999999998
"I am a journalist who writes and publishes articles, requiring a portable laptop with decent battery life and a reliable keyboard for long typing sessions.",32,128,Yes,Intel i5,15+ hours,Heavy (>2.5kg),79206.9
"I am a professional data scientist working with large datasets and building machine learning models, needing a high-performance laptop with excellent GPU capabilities.",16,512,Yes,Intel i5,5-10 hours,Lightweight (<1.5kg),82032.22
"I am a college student studying computer science, occasionally coding and requiring a lightweight laptop for both programming and presentations.",4,512,No,Ryzen 7,Up to 5 hours,Lightweight (<1.5kg),48103.479999999996
"I am a casual user who browses the web, streams videos, and occasionally uses productivity software, requiring a budget-friendly laptop.",8,128,No,Intel i5,5-10 hours,Standard (1.5-2.5kg),46086.58
"I am a software engineer developing and debugging large-scale applications, requiring a high-performance laptop with a fast processor and sufficient storage.",4,256,No,Ryzen 5,5-10 hours,Lightweight (<1.5kg),29062.449999999997
"I am a software engineer developing and debugging large-scale applications, requiring a high-performance laptop with a fast processor and sufficient storage.",16,512,Yes,Ryzen 7,15+ hours,Lightweight (<1.5kg),81008.83
"I am a video editor working on 4K video projects, requiring a laptop with powerful GPU, ample storage, and high RAM capacity for smooth performance.",8,512,No,Intel i5,Up to 5 hours,Standard (1.5-2.5kg),45010.07
"I am a journalist who writes and publishes articles, requiring a portable laptop with decent battery life and a reliable keyboard for long typing sessions.",8,128,No,Intel i3,5-10 hours,Heavy (>2.5kg),26955.079999999998
"I am a software engineer developing and debugging large-scale applications, requiring a high-performance laptop with a fast processor and sufficient storage.",8,128,No,Intel i3,10-15 hours,Standard (1.5-2.5kg),32764.25
"As a professional photographer, I often edit RAW images and require a laptop with high-resolution display support and plenty of RAM for running editing software.",8,1024,No,Intel i3,5-10 hours,Standard (1.5-2.5kg),30406.219999999998
"I am a casual user who browses the web, streams videos, and occasionally uses productivity software, requiring a budget-friendly laptop.",32,1024,Yes,Intel i7,10-15 hours,Lightweight (<1.5kg),56288.939999999995
"As a gamer, I play AAA titles and stream on platforms like Twitch, needing a laptop with a high-end GPU, a fast processor, and sufficient cooling systems.",4,512,No,Ryzen 7,5-10 hours,Heavy (>2.5kg),35539.77
"As a professional photographer, I often edit RAW images and require a laptop with high-resolution display support and plenty of RAM for running editing software.",8,128,No,Ryzen 5,Up to 5 hours,Standard (1.5-2.5kg),27153.449999999997
"I am a business professional frequently traveling for work, requiring a lightweight, durable laptop with long battery life for presentations and reports.",16,1024,Yes,Intel i7,10-15 hours,Lightweight (<1.5kg),65641.38
"I am a professional data scientist working with large datasets and building machine learning models, needing a high-performance laptop with excellent GPU capabilities.",4,128,No,Intel i5,5-10 hours,Lightweight (<1.5kg),36727.5
"I am a casual user who browses the web, streams videos, and occasionally uses productivity software, requiring a budget-friendly laptop.",16,256,Yes,Ryzen 5,Up to 5 hours,Heavy (>2.5kg),76006.42
"As a professional photographer, I often edit RAW images and require a laptop with high-resolution display support and plenty of RAM for running editing software.",4,1024,No,Ryzen 5,15+ hours,Lightweight (<1.5kg),32737.690000000002
"I am a professional data scientist working with large datasets and building machine learning models, needing a high-performance laptop with excellent GPU capabilities.",32,512,Yes,Intel i3,15+ hours,Standard (1.5-2.5kg),72618.36
"I am a professional data scientist working with large datasets and building machine learning models, needing a high-performance laptop with excellent GPU capabilities.",8,128,No,Intel i3,Up to 5 hours,Standard (1.5-2.5kg),47686.82
"I am a video editor working on 4K video projects, requiring a laptop with powerful GPU, ample storage, and high RAM capacity for smooth performance.",4,128,No,Ryzen 3,15+ hours,Lightweight (<1.5kg),28054.829999999998
"I am a video editor working on 4K video projects, requiring a laptop with powerful GPU, ample storage, and high RAM capacity for smooth performance.",4,1024,No,Ryzen 5,Up to 5 hours,Lightweight (<1.5kg),42648.72
"I am a journalist who writes and publishes articles, requiring a portable laptop with decent battery life and a reliable keyboard for long typing sessions.",4,512,No,Ryzen 7,10-15 hours,Lightweight (<1.5kg),25567.320000000003
"I am a journalist who writes and publishes articles, requiring a portable laptop with decent battery life and a reliable keyboard for long typing sessions.",4,128,No,Intel i3,10-15 hours,Lightweight (<1.5kg),25080.11
"I am a casual user who browses the web, streams videos, and occasionally uses productivity software, requiring a budget-friendly laptop.",4,512,No,Intel i5,Up to 5 hours,Heavy (>2.5kg),37898.630000000005
"I am a business professional frequently traveling for work, requiring a lightweight, durable laptop with long battery life for presentations and reports.",32,1024,Yes,Intel i7,10-15 hours,Heavy (>2.5kg),84527.2
"As a professional photographer, I often edit RAW images and require a laptop with high-resolution display support and plenty of RAM for running editing software.",4,256,No,Intel i5,Up to 5 hours,Standard (1.5-2.5kg),29148.77
"As a gamer, I play AAA titles and stream on platforms like Twitch, needing a laptop with a high-end GPU, a fast processor, and sufficient cooling systems.",16,128,Yes,Ryzen 3,5-10 hours,Lightweight (<1.5kg),73156.2
"I am a professional data scientist working with large datasets and building machine learning models, needing a high-performance laptop with excellent GPU capabilities.",8,128,No,Ryzen 7,5-10 hours,Lightweight (<1.5kg),27144.320000000003
"I am a journalist who writes and publishes articles, requiring a portable laptop with decent battery life and a reliable keyboard for long typing sessions.",4,256,No,Ryzen 5,5-10 hours,Heavy (>2.5kg),37281.11
"I am a software engineer developing and debugging large-scale applications, requiring a high-performance laptop with a fast processor and sufficient storage.",4,512,No,Ryzen 7,Up to 5 hours,Lightweight (<1.5kg),41454.35
"I am a college student studying computer science, occasionally coding and requiring a lightweight laptop for both programming and presentations.",4,1024,No,Ryzen 3,5-10 hours,Heavy (>2.5kg),31593.12
"As a professional photographer, I often edit RAW images and require a laptop with high-resolution display support and plenty of RAM for running editing software.",4,128,No,Intel i7,15+ hours,Lightweight (<1.5kg),35223.54
"I am a video editor working on 4K video projects, requiring a laptop with powerful GPU, ample storage, and high RAM capacity for smooth performance.",8,128,No,Intel i5,15+ hours,Lightweight (<1.5kg),44673.090000000004
"I am a journalist who writes and publishes articles, requiring a portable laptop with decent battery life and a reliable keyboard for long typing sessions.",32,256,Yes,Ryzen 7,10-15 hours,Lightweight (<1.5kg),93350.93000000001
"I am a college student studying computer science, occasionally coding and requiring a lightweight laptop for both programming and presentations.",8,1024,No,Ryzen 3,Up to 5 hours,Standard (1.5-2.5kg),47798.869999999995
"I am a college student studying computer science, occasionally coding and requiring a lightweight laptop for both programming and presentations.",4,128,No,Intel i5,15+ hours,Heavy (>2.5kg),34082.29
"I am a business professional frequently traveling for work, requiring a lightweight, durable laptop with long battery life for presentations and reports.",8,128,No,Ryzen 3,10-15 hours,Lightweight (<1.5kg),28893.13
